"Status","Start Time","Stop Time","Duration in ms","Parent Suite","Suite","Sub Suite","Test Class","Test Method","Name","Description"
"failed","Wed Dec 25 07:50:46 GMT+08:00 2019","Wed Dec 25 07:50:46 GMT+08:00 2019","1","","test_pytest","TestClass","","","test_two",""
"failed","Wed Dec 25 07:50:46 GMT+08:00 2019","Wed Dec 25 07:50:46 GMT+08:00 2019","2","","test_div","","","","test_div_float",""
"failed","Wed Dec 25 07:50:46 GMT+08:00 2019","Wed Dec 25 07:50:46 GMT+08:00 2019","1","","test_pytest","","","","test_answer",""
"passed","Wed Dec 25 07:50:46 GMT+08:00 2019","Wed Dec 25 07:50:46 GMT+08:00 2019","1","","test_pytest","TestClass","","","test_one",""
"passed","Wed Dec 25 07:50:46 GMT+08:00 2019","Wed Dec 25 07:50:46 GMT+08:00 2019","1","","test_div","","","","test_div_int_param[10-2-5]",""
"passed","Wed Dec 25 07:50:46 GMT+08:00 2019","Wed Dec 25 07:50:46 GMT+08:00 2019","1","","test_div","","","","test_div_int_param[10-5-2]",""
"broken","Wed Dec 25 07:50:46 GMT+08:00 2019","Wed Dec 25 07:50:46 GMT+08:00 2019","1","","test_div","","","","test_div_zero",""
"passed","Wed Dec 25 07:50:45 GMT+08:00 2019","Wed Dec 25 07:50:45 GMT+08:00 2019","0","","test_div","","","","test_div_int",""
"passed","Wed Dec 25 07:50:46 GMT+08:00 2019","Wed Dec 25 07:50:46 GMT+08:00 2019","0","","test_div","","","","test_div_int_param[10-1-10]",""
"broken","Wed Dec 25 07:50:46 GMT+08:00 2019","Wed Dec 25 07:50:46 GMT+08:00 2019","0","","test_div","","","","test_div_expection",""
